FOLIO,NOMBRE COMERCIAL,Directorio,REPRESENTANTE LEGAL,DOMICILIO,MUNICIPIO,NOMBRE(S),ENTREGA,VIGENCIA,Acerca,QUEJAS Y DENUNCIAS,FOTO
SDE/COL/REAI/001,HECHOS INMOBILIARIOS S.A. DE C.V.,,PATRICIA CÁRDENAS ÁLVAREZ,"BLVD. MIGUEL DE LA MADRID No. 14485, SANTIAGO, MANZANILLO, COLIMA",MANZANILLO,SDE/COL/REAI/001-001 - PATRICIA CÁRDENAS ÁLVAREZ,8/3/2024,8/3/2027,,Para este Agente Inmobiliario no se han presentado quejas ni denuncias,http://admiweb.col.gob.mx/archivos_prensa/banco_img/file_64a5aa8429d9f_re_max.jpg
SDE/COL/REAI/002,MIRAMAR BIENES RAICES,,DANIEL F. MARRINSON,"AV. CARRIZALEZ No. 1, CLUB SANTIAGO, MIRAMAR, MANZANILLO, COLIMA",MANZANILLO,"SDE/COL/REAI/002-002 - DANIEL F. MARRINSON, SDE/COL/REAI/002-003 - JOANNE CHRISTINE BIGGS, SDE/COL/REAI/002-004 - LUIS J. ÁLVAREZ SANDOVAL,SDE/COL/REAI/002-005 - JAMIE LORILEE MIRHEAD,SDE/COL/REAI/002-006 - LEONARDO SÁNCHEZ URCELAY",8/3/2024,8/3/2027,,Para este Agente Inmobiliario no se han presentado quejas ni denuncias,https://admiweb.col.gob.mx/archivos_prensa/banco_img/file_64a845aa3adea_IMG_20230706_WA0026.jpg
"SDE/COL/REAI/003",HAPPY COAST REAL ESTATE,,ALEJANDRO MANUEL MIRANDA TORRES,"LAZARO CÁRDENAS 1709, BRISAS 1ra. SECCIÓN, COL. PLAYA AZUL, MANZANILLO, COLIMA. ",MANZANILLO,"SDE/COL/REAI/003-007 - JESSICA E. PADILLA HERNÁNDEZ,  SDE/COL/REAI/003-008 - JANET MARGARET PARIS,SDE/COL/REAI/003-009 - MIGUEL LÓPEZ CARRILLO,SDE/COL/REAI/003-0010 - MONICA E. BEJAR FARIAS,SDE/COL/REAI/003-0011 - ALEJANDRO M. MIRANDA TORRES",8/3/2024,8/3/2027,,Para este Agente Inmobiliario no se han presentado quejas ni denuncias,https://admiweb.col.gob.mx/archivos_prensa/banco_img/file_666b3f370b147_003_HAPPY_COAST_REAL_ESTATE.jpeg
SDE/COL/REAI/004,HABITAT SERVICIOS INMOBILIARIOS,,ALBERTO SALVADOR BARREDA CÓRDOVA,"AV. FELIPE SEVILLA DEL RIO 201, L-11, COL. JARDINES VISTA HERMOSA, COLIMA",COLIMA,"SDE/COL/REAI/004-012 - ALBERTO SALVADOR BARREDA CÓRDOVA,SDE/COL/REAI/004-013 - JUAN ARMANDO SEGOVIA HERRERA",8/3/2024,8/3/2027,,Para este Agente Inmobiliario no se han presentado quejas ni denuncias,https://admiweb.col.gob.mx/archivos_prensa/banco_img/file_666b3f33bf0c4_004_HABITAT_SERVICIOS_INMOBILIARIOS.jpg
SDE/COL/REAI/005,LAMARQ ARQUITECTURA,,CESAR ALEJANDRO LAMARQUE SOLORZANO,"AV. EMILIO BRUN AILLAUD 176-C, RESIDENCIAL ESMERALDA ",SIN MUNICIPIO,"CESAR ARMANDO LAMARQUE SOLORZANO,                                FRANCISCO JAVIER LAMARQUE SOLORZANO,                                       OSCAR GREGORIO M. CARRILLO CORRALES",8/3/2024,8/3/2027,,Para este Agente Inmobiliario no se han presentado quejas ni denuncias,https://admiweb.col.gob.mx/archivos_prensa/banco_img/file_666b3f3118920_005_LAMARQ_ARQUITECTURA.jpg
SDE/COL/REAI/006,CIMENTA CONSTRUCTORA E INMOBILIARIA,,LUIS GUILLERMO CARREÓN FERNÁNDEZ,"AV. DE LOS DIAMANTES 165-H, RESIDENCIAL ESMERALDA, COLIMA",COLIMA,SDE/COL/REAI/006-017- LUIS GUILLERMO CARREÓN FERNÁNDEZ,8/3/2024,8/3/2027,,Para este Agente Inmobiliario no se han presentado quejas ni denuncias,https://admiweb.col.gob.mx/archivos_prensa/banco_img/file_666b3f2e5a7c9_006_CIMENTA_CONSTRUCTORA_E_INMOBILIARIA.jpg
SDE/COL/REAI/007,VERDUZCO VENDE,,ENRIQUE VERDUZCO VIZCAÍNO,"AV. LA PAZ 72, RESIDENCIAL SANTA BARBARA, COLIMA",COLIMA,"SDE/COL/REAI/007-018 - ENRIQUE VERDUZCO VIZCAÍNO SDE/COL/REAL/007-126 - MYREYA MENDOZA SANDOVAL",8/3/2024,8/3/2027,,Para este Agente Inmobiliario no se han presentado quejas ni denuncias,https://admiweb.col.gob.mx/archivos_prensa/banco_img/file_666b3db13ffb0_007_VERDUZCO_VENDE.png
SDE/COL/REAI/008,INVERMAX BIENES RAICES,,JORGE EDMUNDO JAUREGUI UGALDE,"AV. VENUSTIANO CARRANZA 1047, COL. LAS PALMAS, COLIMA",COLIMA,SDE/COL/REAI/008-019 - JORGE EDMUNDO JAUREGUI UGALDE,8/3/2024,8/3/2027,,Para este Agente Inmobiliario no se han presentado quejas ni denuncias,https://admiweb.col.gob.mx/archivos_prensa/banco_img/file_666b4057083d9_008_INVERMAX_BIENES_RAICES.png
SDE/COL/REAI/009,LAS PAROTAS BIENES RAICES INMOBILIARIA ,,BEATRIZ CERVANTES AHUMADA,"PROL. VENUSTIANO CARRANZA 2010, RESIDENCIAL LAS PAROTAS",COLIMA,SDE/COL/REAI/009-020 - BEATRIZ CERVANTES  AHUMADA,8/3/2024,8/3/2027,,Para este Agente Inmobiliario no se han presentado quejas ni denuncias,https://admiweb.col.gob.mx/archivos_prensa/banco_img/file_666b3f2badeb9_009_LAS_PAROTAS_BIENES_RAICES_INMOBILIARIA.png
SDE/COL/REAI/010,FEYTE INMOBILIARIA,,CESAR CUAUHTÉMOC SÁCHEZ VERDÍN,"AV. DE LOS DIAMANRES 144, RESIDENCIAL ESMERALDA NORTE",COLIMA,"SDE/COL/REAI/010-021 - CESAR CUAUHTÉMOC SÁNCHEZ VERDÍN,SDE/COL/REAI/010-022 - MARIE STEPHANIE FEYTE OCHOA,SDE/COL/REAI/010-023 - DANIA HASHEPSOUT FEYTE OCHOA",8/3/2024,8/3/2027,,Para este Agente Inmobiliario no se han presentado quejas ni denuncias,https://admiweb.col.gob.mx/archivos_prensa/banco_img/file_666b3f28e835b_010_FEYTE_INMOBILIARIA.jpg
SDE/COL/REAI/011,ADRIANA CASAS ASESORIA Y SERVICIOS INMOBILIARIOS ,,,"CALLE DE LOS DIAMANTES 199, L-2, ESMERALDA NORTE, COLIMA",COLIMA,SDE/COL/REAI/011-024 - MERCEDES ADRIANA CASAS URREA ,8/3/2024,8/3/2027,,Para este Agente Inmobiliario no se han presentado quejas ni denuncias,https://admiweb.col.gob.mx/archivos_prensa/banco_img/file_666b3f26582df_011_ADRIANA_CASAS.png
SDE/COL/REAI/012,ADAME INMOBILIARIA ,,,"AV. VENUSTIANO CARRANZA 1625 L-D, RESIDENCIAL ESMERALDA",COLIMA,SDE/COL/REAI/012-025 - CRISTOPHER ADAME VELASCO,8/3/2024,8/3/2027,,Para este Agente Inmobiliario no se han presentado quejas ni denuncias,https://admiweb.col.gob.mx/archivos_prensa/banco_img/file_666b3f23a8ffa_012_ADAME_INMOBILIARIA.jpg
SDE/COL/REAI/013,LG INMOBILIARIA,,,"CANARIO 154, COL.INAS SANTA BARBARA, COLIMA",COLIMA,SDE/COL/REAI/013-026 - MARIA LETICIA GOMEZ LÓPEZ,8/3/2024,8/3/2027,,Para este Agente Inmobiliario no se han presentado quejas ni denuncias,https://admiweb.col.gob.mx/archivos_prensa/banco_img/file_666b411b6e274_lgi.jpg
SDE/COL-REA/014,INMUEBLES OR,,,"NAUTILUS 202, COL. LA JOYA, MANZANILLO, COLIMA",MANZANILLO,SDE/COL-REA/014 - JESÚS ARMANDO OROZCO ARROYO ,20/03/2024,08/03/2027,,Para este Agente Inmobiliario no se han presentado quejas ni denuncias,https://admiweb.col.gob.mx/archivos_prensa/banco_img/file_66f582ab13b36_014_INMUEBLES_OR_1.jpg
SDE/COL/REAI/015,RUBRICA INMOBILIARIA,,,"AV. CONSTITUCIÓN 1852, INT. 3, LOMAS VERDES, COLIMA",COLIMA,SDE/COL/REAI/015-028 - TERESA ESPINOSA MADRIGAL,14/06/2024,17/06/2027,,Para este Agente Inmobiliario no se han presentado quejas ni denuncias,https://admiweb.col.gob.mx/archivos_prensa/banco_img/file_677d5831bbc5d_015_RUBRICA_INMOBILIARIA.png
SDE/COL/REAI/016,"INMOBILIARIA, AVALUOS Y ARQUITECTURA",,,"AV. REAL BUGAMBILIAS 12, COL. BUGAMBILIAS, VILLA DE ALVAREZ, COLIMA",COLIMA,SDE/COL/REAI/016-029 - MILTÓN DE ALVA GUTIÉRREZ,14/06/2024,17/06/2027,,Para este Agente Inmobiliario no se han presentado quejas ni denuncias,https://admiweb.col.gob.mx/archivos_prensa/banco_img/file_677d583409f02_016_INMOBILIARIA_AVALUOS_Y_ARQUITECTURA.jpg
SDE/COL/REAI/017,SIMEN SERVICIOS INMOBILIARIOS,,,"AV. VENUSTIANO CARRANZA 1655, RESIDENCIAL ESMERALDA, COLIMA",COLIMA,SDE/COL/REAI/017-030 - MARISELA MARTHA MENDOZA REYES,14/06/2024,17/06/2027,,Para este Agente Inmobiliario no se han presentado quejas ni denuncias,https://admiweb.col.gob.mx/archivos_prensa/banco_img/file_677d58364b4c7_017_SIMEN_SERVICIOS_INMOBILIARIOS.jpg
SDE/COL/REAI/018,VYVE INMOBILIARIA,,,"CALLE HELIODORO SILVA 55, EL TRAPICHE, CUAUHTEMOC, COLIMA",COLIMA,SDE/COL/REAI/018-031 - VERÓNICA ORALIA MEDINA FLORES,14/06/2024,17/06/2027,,Para este Agente Inmobiliario no se han presentado quejas ni denuncias,https://admiweb.col.gob.mx/archivos_prensa/banco_img/file_677d58388d4aa_018_VYVE_INMOBILIARIA.png
SDE/COL/REAI/019,INNOVACIÓN INMOBILIARIA,,SALVADOR VALLADARES ANGUIANO,"DR. ATL 31, COL. LOMAS VERDES, COLIMA",COLIMA,"SDE/COL/REAI/019-032 - SALVADOR VALLADARES ANGUINANO SDE/COL/REAI/019-033 -  SANDRA MARISOL GONZÁLEZ TAPIA",24/06/2024,24/06/2027,,Para este Agente Inmobiliario no se han presentado quejas ni denuncias,https://admiweb.col.gob.mx/archivos_prensa/banco_img/file_677d583acf5f9_019_INNOVACIN_INMOBILIARIA.png
SDE/COL/REAI/020,SIN NOMBRE COMERCIAL Y SIN LOGO,,,"GRANITO 350, FRAC. LA CANTERA, COLIMA",COLIMA,"SDE/COL/REAI/020-034 - JOSE EDUARDO SCHULTE  DE LA MADRID SDE/COL/REAI/020-035 -  SERGIO ARNOLDO SCHULTE DE LA MADRID",24/06/2024,24/06/2027,,Para este Agente Inmobiliario no se han presentado quejas ni denuncias,https://admiweb.col.gob.mx/archivos_prensa/banco_img/file_677d5dd35f29d_Logotipo_tipografico_rectangular_minimalista_blanco_y_negro.png
SDE/COL/REAI/021,BIENES RAICES Y GESTORIA URBANA,,,"PASEO DE GILBERTO 14 JARDINES DE BUGAMBILIAS, VILLA DE ÁLVAREZ, COLIMA",COLIMA,SDE/COL/REAI/021-036 -  RICARDO CEBALLOS CATANEO,24/06/2024,24/06/2027,,Para este Agente Inmobiliario no se han presentado quejas ni denuncias,https://admiweb.col.gob.mx/archivos_prensa/banco_img/file_677d583d28756_021_BIENES_RAICES_Y_GESTORIA_URBANA_1.jpg
SDE/COL/REAI/022,SIN NOMBRE COMERCIAL Y SIN LOGO,,,"RIO SALADO 483, COL. PLASCETAS ESTADIO, COLIMA",COLIMA,SDE/COL/REAI/022-037 - ALIXE JACQUELINE GARCÍA RODRÍGUEZ,24/06/2024,24/06/2027,,Para este Agente Inmobiliario no se han presentado quejas ni denuncias,https://admiweb.col.gob.mx/archivos_prensa/banco_img/file_677d5dd35f29d_Logotipo_tipografico_rectangular_minimalista_blanco_y_negro.png
SDE/COL/REAI/023,NM INMOBILIARIA,,,"GRECIA 1804, COL. LAS MARGARITAS, COLIMA",COLIMA,SDE/COL/REAI/023-038 - MARÍA XÓCHITL OLIMPIA DE LA MORA ÁVILA,24/06/2024,24/06/2027,,Para este Agente Inmobiliario no se han presentado quejas ni denuncias,http://admiweb.col.gob.mx/archivos_prensa/banco_img/file_677d583f6acb4_023_NM_INMOBILIARIA.jpeg
SDE/COL/REAI/024,BRAYAL SERVICIOS INMOBILIARIOS,,,"LEONILO CHÁVEZ ORTIZ 175 L-10, ESMERALDA, COLIMA",COLIMA,SDE/COL/REAI/024-039 - DIANA PATRICIA ÁLVAREZ HERRERA,24/06/2024,24/06/2027,,Para este Agente Inmobiliario no se han presentado quejas ni denuncias,http://admiweb.col.gob.mx/archivos_prensa/banco_img/file_677d5841ac235_024_BRAYAL_SERVICIOS_INMOBILIARIOS.jpg
SDE/COL/REAI/025,PACIFIC AGENCIA INMOBILIARIA,,,"AV. PASEO DE LAS GAVIOTAS 467, COL. SOLEARES, MANZANILLO",MANZANILLO,SDE/COL/REAI/025-040 - PEDRO ALEJANDRO MAGAÑA RODRIGUEZ,20/09/2024,20/09/2027,,Para este Agente Inmobiliario no se han presentado quejas ni denuncias,https://admiweb.col.gob.mx/archivos_prensa/banco_img/file_677d5843ef0e4_025_PACIFIC_AGENCIA_INMOBILIARIA.jpg
SDE/COL/REAI/026,SOLUCIONES INMOBILIARIAS 1-2-3,,,"AMADO NERVO 478, COL. NUEVO SALAGUA, MANZANILLO",MANZANILLO,SDE/COL/REAI/026-041 - ADRIANA CABRERA ARELLANO,29/10/2024,29/10/2027,,Para este Agente Inmobiliario no se han presentado quejas ni denuncias,https://admiweb.col.gob.mx/archivos_prensa/banco_img/file_677d58460d887_026_SOLUCIONES_INMOBILIARIAS_1_2_3.png
SDE/COL/REAI/027,OCHOA REAL ESTATE SERVICES,,,"LLUVIA DE ORO 57, COL. ARBOLEDAS, MANZANILLO",MANZANILLO,SDE/COL/REAI/027-042 - BRENDA NOEMI OCHOA RAMÍREZ,29/10/2024,29/10/2027,,Para este Agente Inmobiliario no se han presentado quejas ni denuncias,https://admiweb.col.gob.mx/archivos_prensa/banco_img/file_677d58484f67f_027_OCHOA_REAL_ESTATE_SERVICES.jpg
SDE/COL/REAI/028,GC SERVICIOS INMOBILIARIOS,,,"CALLE 10 #16, FRAC. GUACAMAYAS II, MANZANILLO",MANZANILLO,SDE/COL/REAI/028-043 - LUIS MARCELINO VELAZQUEZ ESCALANTE,29/10/2024,29/10/2027,,Para este Agente Inmobiliario no se han presentado quejas ni denuncias,https://admiweb.col.gob.mx/archivos_prensa/banco_img/file_677d584a94e85_028_GC_SEVICIOS_INMOBILIARIOS.jpeg
SDE/COL/REAI/029,MAYA BIENES RAICES,,,"NARANJO 29, COL. VALLE DE LAS GARZAS, MANZANILLO",MANZANILLO,SDE/COL/REAI/029-044 - MARÍA GUADALUPE MARTÍNEZ MAYA           SDE/COL/REAI/029-075 - MARÍA GUADALUPE CAMPOS MARES   SDE/COL/REAI/029-044 - -ANA KAREN MARTÍNEZ INFANTE,20/09/2024,20/09/2027,,Para este Agente Inmobiliario no se han presentado quejas ni denuncias,https://admiweb.col.gob.mx/archivos_prensa/banco_img/file_677d66115fb55_49_mayabienesyraices.jpg
SDE/COL/REAI/030,INMOBILIARIA COLDWELL BANKER COLIMAR,,AMAYA BIELSA TORRE,"AV. AUDIENCIA 48 L-11B, PENÍNSULA DE SANTIAGO, MANZANILLO",MANZANILLO,"SDE/COL/REAI/030-045 - AMAYA BIELSA TORRE SDE/COL/REAI/030-046 MARÍA DE LA LUZ LÓPEZ DE ARRIAGA CANDIANI",29/10/2024,29/10/2027,,Para este Agente Inmobiliario no se han presentado quejas ni denuncias,https://admiweb.col.gob.mx/archivos_prensa/banco_img/file_677d5f398d4df_030_COLDWELL_BANKER_COLIMAR.jpeg
SDE/COL/REAI/031,M & G AGENTES INMOBILIARIOS,,LORENA RUBI MAGAÑA HEREDIA,"PEDRO NUÑEZ 553 L-1, SALAGUA, MANZANILLO",MANZANILLO,"SDE/COL/REAI/031-047-  LORENA RUBI MAGAÑA HEREDIA SDE/COL/REAI/031-048 - LADISLAO REYES LUNA SDE/COL/REAI/031-049 -  FRANCISCO JAVER MEJÍA JIMÉNEZ",20/09/2024,20/09/2027,,Para este Agente Inmobiliario no se han presentado quejas ni denuncias,https://admiweb.col.gob.mx/archivos_prensa/banco_img/file_677d584cd42f7_031_M__G_AGENTES_INMOBILIARIOS.jpeg
SDE/COL/REAI/032,ANDRADE + LÓPEZ ARQUITECTOS,,MA. IRMA LÓPEZ TORRES,"LÓPEZ MATEOS 99, TAPEIXTLES, MANZANILLO",MANZANILLO,"SDE/COL/REAI/032-050 - MA. IRMA LÓPEZ TORRES SDE/COL/REAI/032-051 -  JUAN CARLOS ANDRADE MEDINA SDE/COL/REAI/032-052 -  ETHAN CARLO ANDRADE LÓPEZ",29/10/2024,29/10/2027,,Para este Agente Inmobiliario no se han presentado quejas ni denuncias,https://admiweb.col.gob.mx/archivos_prensa/banco_img/file_677d584f3df40_032_ANDRADE__LOPEZ_ARQUITECTOS.jpeg
SDE/COL/REAI/033,FOLIOS CANCELADO POR FALTA DE DOCUMENTOS,,FOLIOS CANCELADO POR FALTA DE DOCUMENTOS,FOLIOS CANCELADO POR FALTA DE DOCUMENTOS,,FOLIOS CANCELADO POR FALTA DE DOCUMENTOS,29/10/2024,29/10/2024,,Para este Agente Inmobiliario no se han presentado quejas ni denuncias,https://admiweb.col.gob.mx/archivos_prensa/banco_img/file_677d62388641d_Logotipo_tipografico_rectangular_minimalista_blanco_y_negro_1.png
SDE/COL/REAI/034,VILLALBA SERVICIOS Y TRAMITES INMOBILIARIOS,,,"ROSA MORADA 17-B, COL. ARBOLEDAS, MANZANILLO",MANZANILLO,SDE/COL/REAI/034-054 -  JOSE LUIS BARAJAS VILLALVAZO,29/10/2024,29/10/2024,,Para este Agente Inmobiliario no se han presentado quejas ni denuncias,https://admiweb.col.gob.mx/archivos_prensa/banco_img/file_677d5858ab7ba_034_VILLALVA_SERVICIOS_Y_TRAMITES_INMOBILIARIOS.jpg
SDE/COL/REAI/035,EXCELLENTUM EJECUTIVOS INMOBILIARIOS,,,"AV. PASEO DE LAS GARZAS 53, FRAC. SOLEARES, MANZANILLO",MANZANILLO,SDE/COL/REAI/035-055 - JOSÉ GUADALUPE LÓPEZ MONTES,29/10/2024,29/10/2024,,Para este Agente Inmobiliario no se han presentado quejas ni denuncias,https://admiweb.col.gob.mx/archivos_prensa/banco_img/file_677d585181414_035_EXCELLENTUM_EJECUTIVOS_INMOBILIARIOS.jpeg
SDE/COL/REAI/036,INMOBILIARIA SAUCEDO,,,"AV. PASEO DE LAS GAVIOTAS 62, COL. SALAGUA, MANZANILLO",MANZANILLO,"SDE/COL/REAI/036-056 -  MARÍA ALICIA MELCHOR SAUCEDO  SDE/COL/REAI/036-068 -  ELISA YASMIN TORRES SILVA",29/10/2024,29/10/2024,,Para este Agente Inmobiliario no se han presentado quejas ni denuncias,http://admiweb.col.gob.mx/archivos_prensa/banco_img/file_677d5853c3a67_036_INMOBILIARIA_SAUCEDO.jpeg
SDE/COL/REAI/037,LARA´S HOME INMOBILIARIA,,,"2 DE DICIEMBRE # 18, FRAC. LOMA DE SANTIAGO, MANZANILLO",MANZANILLO,SDE/COL/REAI/037-057 - LETICIA FLORES LARA,29/11/2024,29/11/2027,,Para este Agente Inmobiliario no se han presentado quejas ni denuncias,http://admiweb.col.gob.mx/archivos_prensa/banco_img/file_677d60b29e06e_037_LARAS_HOME_INMOBILIARIA.jpeg
SDE/COL/REAI/038,TORRES ASESOR DE INVERSION INMOBILIARIA,,,"JOSÉ VASCONCELOS 507, COL. NUEVO SALAGUA, MANZANILLO",MANZANILLO,SDE/COL/REAI/038-058 - ERICKA EDITH MEJÍA ALFARO,29/10/2024,29/10/2024,,Para este Agente Inmobiliario no se han presentado quejas ni denuncias,http://admiweb.col.gob.mx/archivos_prensa/banco_img/file_677d585610b60_038_TORRES_ASESOR_DE_INVERSIN_INMOBILIARIA.jpeg
SDE/COL/REAI/039,INMOBILIARIA GIR        ,,,"CUAUHTEMOC 19, COL. VIVEROS PELAYO, MANZANILLO",MANZANILLO,SDE/COL/REAI/039-059 YESENIA RAMOS GONZÁLEZ    SDE/COL/REAI/039-078 GIOVANNA SARAI HERNÁNDEZ RAMOS,29/11/2024,29/11/2027,,Para este Agente Inmobiliario no se han presentado quejas ni denuncias,SDE/COL/REAI/040,FOLIOS CANCELADO POR FALTA DE DOCUMENTOS,,,FOLIOS CANCELADO POR FALTA DE DOCUMENTOS,,FOLIOS CANCELADO POR FALTA DE DOCUMENTOS,29/10/2024,29/10/2024,,Para este Agente Inmobiliario no se han presentado quejas ni denuncias,https://admiweb.col.gob.mx/archivos_prensa/banco_img/file_677d62388641d_Logotipo_tipografico_rectangular_minimalista_blanco_y_negro_1.png
SDE/COL/REAI/041,PASTORA'S BIENES RAICES,,,"ORQUÍDEAS 31, BARRIO III, COL. VALLE DE LAS GARZAS, MANZANILLO", MANZANILLO,SDE/COL/REAI/041-061 - PASTORA JOSEFINA CABRERA VÁZQUEZ,29/10/2024,29/10/2024,,Para este Agente Inmobiliario no se han presentado quejas ni denuncias,http://admiweb.col.gob.mx/archivos_prensa/banco_img/file_677d585af1d3c_041_PASTORAS_BIENES_RAICES.jpeg
SDE/COL/REAI/042,ABONDANZZA INMOBILIARIA,,,"CALLE 2 # 8, UNIDAD PADRE HIDALGO, MANZANILLO", MANZANILLO,SDE/COL/REAI/042-062  MARTHA LILIANA CARREÓN OROZCO ,29/11/2024,29/11/2027,,Para este Agente Inmobiliario no se han presentado quejas ni denuncias,http://admiweb.col.gob.mx/archivos_prensa/banco_img/file_685b1a0098a34_042_ABONDANZZA.jpeg
SDE/COL/REAI/043,GLAFEL BIENES RAICES,,,"MAR MEDITERRANEO 161, COTO 7, VILLA DEL MAR, MANZANILLO", MANZANILLO,SDE/COL/REAI/043-063 - MARÍA DEL ROCIO ÁLVAREZ MADERA,29/10/2024,29/10/2024,,Para este Agente Inmobiliario no se han presentado quejas ni denuncias,http://admiweb.col.gob.mx/archivos_prensa/banco_img/file_677d585f89128_043_GLAFEL_BIENES_RAICES.jpeg
SDE/COL/REAI/044,INMOBILIARIA BRISA MAR,,,"NARANJO 2 L-3, COL. LAS HUERTAS, MANZANILLO",MANZANILLO,SDE/COL/REAI/044-064 - MARTHA ELVIRA ÁLVAREZ ELIZONDO,29/10/2024,29/10/2024,,Para este Agente Inmobiliario no se han presentado quejas ni denuncias,http://admiweb.col.gob.mx/archivos_prensa/banco_img/file_677d5861c9116_044_BRISAMAR_INMOBILIARIA.jpeg
SDE/COL/REAI/045,MONTIEL INMOBILIARIA AM S.A. DE C.V.,,MAGDALENA MONTIEL SOLIS,"PASEO DE LAS GAVIOTAS 27-1, COL. SOLEARES, MANZANILLO",MANZANILLO,"SDE/COL/REAI/045-065-  MAGDALENA MONTIEL SOLIS SDE/COL/REAI/045-066 -  ARTURO AMEZCUA MONTEL SDE/COL/REAI/045-067 -  SANDRA VERÓNICA PONCE GUTIÉRREZ",29/10/2024,29/10/2024,,Para este Agente Inmobiliario no se han presentado quejas ni denuncias,https://admiweb.col.gob.mx/archivos_prensa/banco_img/file_677d64902150b_045_AM_ESPACIOS.jpg
SDE/COL/REAI/046,INMOBILIARIA LUNA AZUL,,,"C. MERCURIO 188, L-3, COL. VALLE DE LAS GARZAS, MANZANILLO",MANZANILLO,SDE/COL/REAI/046-068 -  FRANCISCO MONROY PLAZOLA,29/10/2024,29/10/2024,,Para este Agente Inmobiliario no se han presentado quejas ni denuncias,http://admiweb.col.gob.mx/archivos_prensa/banco_img/file_677d586496240_046_LUNA_AZUL_INMOBILIARIA.jpeg
SDE/COL/REAI/047,NORT BIENES RAICES,,,"C. SAN JERÓNIMO 423, COL. CRUZ DE COMALA, VILLA DE ÁLVAREZ, COLIMA",COMALA,SDE/COL/REAI/047-071  -  NORMA ANGÉLICA TRUJILLO TRUJILLO,10/12/2024,10/12/2027,,Para este Agente Inmobiliario no se han presentado quejas ni denuncias,http://admiweb.col.gob.mx/archivos_prensa/banco_img/file_685b1a05397db_047_NORT.png
"SDE/COL/REAI/048",CONSORCIO INMOBILIARIO BRADEL,,ALMA DELIA LÓPEZ MEJÍA,"ELIAS ZAMORA VERDUZCO 2047, COL. VALLE DE LAS GARZAS, MANZANILLO",MANZANILLO,SDE/COL/REAI/048-072,10/12/2024,10/12/2027,,Para este Agente Inmobiliario no se han presentado quejas ni denuncias,https://admiweb.col.gob.mx/archivos_prensa/banco_img/file_685b1fe1f38eb_048_BRADEL_INMOBILIARIA_2.jpeg
SDE/COL/REAI/049,ADY BAUTISTA REAL ESTATE,,ADRIANA ELIZABETH HERNÁNDEZ BAUTISTA,"AND. PLAYA DE MIRAMAR 43-A, COL. LAS BRISAS, MANZANILLO, COL.",MANZANILLO,SDE/COL/REAI/049-073,21/01/2025,21/01/2028,,Para este Agente Inmobiliario no se han presentado quejas ni denuncias,https://admiweb.col.gob.mx/archivos_prensa/banco_img/file_685b2089e7901_049_ADY_BAUTISTA_1.png
SDE/COL/REAI/050,CASAS Y TERRENOS MANZANILLO,,VALENTIN CABRERA CASTILLO,"CALLE IRIS 151, COL. VALLE ALTO, SANTIAGO, MANZANILLO",MANZANILLO,SDE/COL/REAI/050-074,22/01/2025,22/01/2028,,Para este Agente Inmobiliario no se han presentado quejas ni denuncias,https://admiweb.col.gob.mx/archivos_prensa/banco_img/file_685b1fe44246f_050_CASAS_Y_TERRENOS_MANZANILLO_2.jpeg
SDE/COL/REAI/051,LIBELULA INMOBILIARIA,,YOLANDA INES GUTIÉRREZ HERMOSILLO,"LIMON 58, BARIO 3, COL. VALLE DE LAS GARZAS, MANZANILLO",MANZANILLO,SDE/COL/REAI/051-077,23/01/2024,23/01/2028,,Para este Agente Inmobiliario no se han presentado quejas ni denuncias,http://admiweb.col.gob.mx/archivos_prensa/banco_img/file_677d5dd35f29d_Logotipo_tipografico_rectangular_minimalista_blanco_y_negro.png
SDE/COL/REAI/052,GOSSY SERVICIOS FINANCIEROS E INMOBILIARIOS,,SANDRA YAZMÍN GÓMEZ SÁNCHEZ,"MOLUSCO 193, COL. LA JOYA 2, MANZANILLO",MANZANILLO,SDE/COL/REAI/052-084,27/02/2025,27/02/2028,,Para este Agente Inmobiliario no se han presentado quejas ni denuncias,http://admiweb.col.gob.mx/archivos_prensa/banco_img/file_677d5dd35f29d_Logotipo_tipografico_rectangular_minimalista_blanco_y_negro.png
SDE/COL/REAI/053,MC BIENES RAICES,,,"C. AGUSTÍN SANTACRUZ 514, COL. JARDINES VISTA HERMOSA, COLIMA",COLIMA,SDE/COL/REAI/053-085 -  MONICA MAGAÑA MENDOZA,27/2/2025,27/2/2028,,Para este Agente Inmobiliario no se han presentado quejas ni denuncias,http://admiweb.col.gob.mx/archivos_prensa/banco_img/file_685b1a077bfcd_053_MC_BR.png
SDE/COL/REAI/054,PALMAZER INGENIERIA EN BIENES RAÍCES ,,,"IGNACIO SANDOVAL 1351 L-5, COL. JARDINES VISTA HERMOSA, COLIMA",COLIMA,SDE/COL/REAI/054-086  - PAOLA SUSANA RAMIÍREZ VALLEJO,,,,Para este Agente Inmobiliario no se han presentado quejas ni denuncias,http://admiweb.col.gob.mx/archivos_prensa/banco_img/file_685b1a09bd354_054_PALMAZER.png
SDE/COL/REAI/055,INMOBILIARIA ROYAL ESTATES,,GABRIELA MIRANDA VARGAS,"AV. CONSTITUCIÓN 2008, RESIDENCIAL SANTA GERTRUDIS, COLIMA",COLIMA,"SDE/COL/REAI/055-087        GABRIELA MIRANDA VARGAS SDE/COL/REAI/055-088         J. GUADALUPE MADRIGAL LOMELÍ SDE/COL/REAI/055-089         MA GABRIELA VAN HASSELT RUELAS SDE/COL/REAI/055-090         PATRICIA AMPARO ALANIS BARRIGA SDE/COL/REAI/055-091         ADRIANA ÁLVAREZ ÁLVAREZ SDE/COL/REAI/055-092         MAYRA ANTONIA RAMÍREZ GÓNZALEZ SDE/COL/REAI/055-093         MARÍA AUGENIA SOTELO MEJÍA SDE/COL/REAI/055-094         MARCO ANTONIO MORALES ESCOBAR SDE/COL/REAI/055-095  MARÍA FERNANDA CAMOU VERDUGO SDE/COL/REAI/055-096 AURORA DEL PILAR ZARATE OROPEZA SDE/COL/REAI/055-097 MYRNA MUÑOZ RUÍZ   SDE/COL/REAI/055-098 MARÍA ERENDIRA HERNÁNDEZ LÓPEZ SDE/COL/REAI/055-099  ADRIANA HERNÁNDEZ MENDOZA SDE/COL/REAI/055-100  HELENA LETICIA BRAVO ALFARO SDE/COL/REAI/055-101  ZAMIA AMPARO GÚZMAN DEL CASTILLO",27/2/2025,27/2/2028,,Para este Agente Inmobiliario no se han presentado quejas ni denuncias,http://admiweb.col.gob.mx/archivos_prensa/banco_img/file_685b1a126b245_055_ROYAL_ESTATES.png
SDE/COL/REAI/056,SERVICIOS INMOBILIARIOS MX,,,"CALLE 13, 86-C, COL,. VALLE DE LAS GARZAS, MANZANILLO",MANZANILLO,SDE/COL/REAI/056-102  -  ADELA VALERIO NAVARRO,27/2/2025,27/2/2028,,Para este Agente Inmobiliario no se han presentado quejas ni denuncias,http://admiweb.col.gob.mx/archivos_prensa/banco_img/file_685b1a14c332d_056_SERVICIOS_IMX.jpg
SDE/COL/REAI/057,VALPHO                      VALUACIÓN E INMOBILIARIA,,,"BLVD. MIGUEL DE LA MADRID 1017, COL. PLAYA AZUL, MANZANILLO",MANZANILLO,SDE/COL/REAI/057-103  -  JORGE PAULINO TALAVERA MEJÍA     SDE/COL/REAI/057-104   -  UGO ADALID SANCHEZ-GOMEZ GUTIERREZ ,7/3/2025,7/3/2028,,Para este Agente Inmobiliario no se han presentado quejas ni denuncias,http://admiweb.col.gob.mx/archivos_prensa/banco_img/file_685b1a171043a_057_VALPHO.jpeg
SDE/COL/REAI/058,MY CASA DYNASTY REAL ESTATE,,,"REVOLUCIÓN 42, SANTIAGO, MANZANILLO",MANZANILLO,SDE/COL/REAI/058-105   -  NANCi-LU GARCÍA GONZÁLEZ     SDE/COL/REAI/058-106    -  CARLOS ARNULFO GÓMEZ GONZÁLEZ,7/3/2025,7/3/2028,,Para este Agente Inmobiliario no se han presentado quejas ni denuncias,http://admiweb.col.gob.mx/archivos_prensa/banco_img/file_685b1a1951ef4_058_MY_CASA_DYNASTY.jpg
SDE/COL/REAI/059,MB BIENES RAÍCES                                REAL ESTATE,,,"ESTRELLA DE MAR 117, DESPACHO # 1, COL. ALMENDROS, MANZANILLO",MANZANILLO,SDE/COL/REAI/059-107 - MIRLO BERENICE MAYER ARREDONDO,7/3/2025,7/3/2028,,Para este Agente Inmobiliario no se han presentado quejas ni denuncias,http://admiweb.col.gob.mx/archivos_prensa/banco_img/file_685b1a1b91eef_059_MB_BR.png
SDE/COL/REAI/060,CASAS & CASAS                 BIENES RAICES,,,"CALLE 11, No. 36, BARRIO V, VALLE DE LAS GARZAS, MANZANILLO",MANZANILLO,SDE/COL/REAI/060-108  -  ALICIA ÁLVAREZ RAMÍREZ,28/3/2025,28/3/2028,,Para este Agente Inmobiliario no se han presentado quejas ni denuncias,http://admiweb.col.gob.mx/archivos_prensa/banco_img/file_685b1a1e08570_060_CASAS__CASAS.jpg
SDE/COL/REAI/061,,,SIN NOMBRE COMERCIAL Y SIN LOGO ,"AND. SIN NOMBRE No. 95, SECTOR 3, MANZANILLO",MANZANILLO,SDE/COL/REAI/061-109  -  MARTIN GONZÁLEZ ARIAS,28/3/2025,28/3/2028,,Para este Agente Inmobiliario no se han presentado quejas ni denuncias,http://admiweb.col.gob.mx/archivos_prensa/banco_img/file_677d5dd35f29d_Logotipo_tipografico_rectangular_minimalista_blanco_y_negro.png
SDE/COL/REAI/062,INMOBILIARIA FUTURO MX ,,,"PABLO CASTELLANOS 10-B, SALAGUA, MANZANILLO",MANZANILLO,SDE/COL/REAI/062-110  -  JORGE FEREGRINO ACEVES,31/3/2025,31/3/2028,,Para este Agente Inmobiliario no se han presentado quejas ni denuncias,http://admiweb.col.gob.mx/archivos_prensa/banco_img/file_685b1a204f236_062_I_FUTURO_MX.jpeg
SDE/COL/REAI/063,INMOBILIARIA MEILLON,,,"CALLE 9 No. 206, CENTRO, MANZANILLO",MANZANILLO,SDE/COL/REAI/063-111  - DENNIS JOSE NAUPOLD MEILLON,8/4/2025,8/4/2028,,Para este Agente Inmobiliario no se han presentado quejas ni denuncias,http://admiweb.col.gob.mx/archivos_prensa/banco_img/file_685b1a2294b9f_063_I_MEILLON.jpeg
SDE/COL/REAI/064,11 ONCE INMOBILIARIA & CONSTRUCCIÓN ,,,"TEKUAN 145, VILLA IZCALLI CAXITLAN, VILLA DE ÁLVAREZ",VILLA DE ÁLVAREZ,SDE/COL/REAI/064-113  -  NOHEMY LORELEY HERRERA VÁZQUEZ,10/4/2025,10/4/2028,,Para este Agente Inmobiliario no se han presentado quejas ni denuncias,http://admiweb.col.gob.mx/archivos_prensa/banco_img/file_685b1a25190c3_064_ONCE_I.jpeg
SDE/COL/REAI/065,MARFIL SOLUCIONES,,,"AV. CONSTITUCIONI 1825-9, LOMAS VERDES, COLIMA",COLIMA,SDE/COL/REAI/065-114 - ALAN RUÍZ MARTÍN DEL CAMPO,10/4/2025,10/4/2028,,Para este Agente Inmobiliario no se han presentado quejas ni denuncias,http://admiweb.col.gob.mx/archivos_prensa/banco_img/file_685b1a275f5b9_065_MARFIL_SOL.jpeg
SDE/COL/REAI/066,JC Y DM SOLUCIONES INMOBILIARIAS DE MÉXICO,,SIN LOGO,"AV. AYUNTAMIENTO 605, VILLA DE BUGAMBILIAS, VILLA DE ÁLVAREZ ",VILLA DE ÁLVAREZ,SDE/COL/REAI/066-115 - IRMA DELIA HURTADO MARTÍNEZ      ,10/4/2025,10/4/2028,,Para este Agente Inmobiliario no se han presentado quejas ni denuncias,http://admiweb.col.gob.mx/archivos_prensa/banco_img/file_677d5dd35f29d_Logotipo_tipografico_rectangular_minimalista_blanco_y_negro.png
SDE/COL/REAI/067,CAPITAL HOUSE    SERVICIOS INMOBILIARIOS,,,"VENUSTIANO CARRANZA 1180 A2, FRAC. SANTA BÁRBARA, COLIMA",COLIMA,SDE/COL/REAI/067-116 - CARLOS ARNOLDO PINEDA TRILLO,30/4/2025,30/4/2028,,Para este Agente Inmobiliario no se han presentado quejas ni denuncias,http://admiweb.col.gob.mx/archivos_prensa/banco_img/file_685b1a29a7803_067_CAPITAL_HOUSE.jpeg
SDE/COL/REAI/068,OCEANWORTH S.A. DE C.V.,,EDGAR FRANCISCO RAMIREZ ROBLES,"QUERETARO S/N, EL NARANJO, MANZANILLO",MANZANILLO,SDE/COL/REAI/068-117 - EDGAR FRANCISCO RAMIREZ ROBLES,30/4/2025,30/4/2028,,Para este Agente Inmobiliario no se han presentado quejas ni denuncias,https://admiweb.col.gob.mx/archivos_prensa/banco_img/file_685b1a2be9bfd_068_OCEANWORTH.png
SDE/COL/REAI/069,MOGA BIENES RAICES ,,,"CULEBRA DE MAR 106, COL. LA JOYA 2, MANZANILLO, COLIMA",MANZANILLO,SDE/COL/REAI/069 - 118 NORMA LETICIA GAYTAN MARTÍNEZ,22/5/2025,22/5/2028,,Para este Agente Inmobiliario no se han presentado quejas ni denuncias,
SDE/COL/REAI/070,INMOBILIARIA VOLCAN ,,,"ANTONIO M. CEDEÑO 19, COL. JARDINES VISTA HERMOSA, COLIMA",COLIMA,SDE/COL/REAI/070-119 - FERNANDO EFRAÍN RAMOS SALAZAR,21/5/2025,21/5/2028,,Para este Agente Inmobiliario no se han presentado quejas ni denuncias,
SDE/COL/REAI/071,,,,"GUILLERMO PRIETO 164, COL. GUADALAJARITA, COLIMA",COLIMA,SDE/COL/REAI/071-120 - JAVIER ISAAC CASTELLANOS CISNEROS,22/5/2025,22/5/2028,,Para este Agente Inmobiliario no se han presentado quejas ni denuncias,
SDE/COL/REAI/072,BN REAL ESTATE,,,"INDEPENDENCIA 22-A, SANTIAGO, MANZANILLO, COLIMA",MANZANILLO,"SDE/COL/REAI/072-121 - BARBARA ELENA NAVARRO OLIVER SDE/COL/REAI/072-122 -  ELIZABETH  MENESES PARRA",25/8/2025,25/8/2028,,Para este Agente Inmobiliario no se han presentado quejas ni denuncias,
SDE/COL/REAI/073,CARMEN MORENO,,,"PRIVADA DE LA CIMA 2, PENINSULA DE SANTIAGO, MANZANILLO, COLIMA",MANZANILLO,SDE/COL/REAI/073-123 - MARIA DEL CARMEN MORENO CORREA,26/8/2025,26/8/2028,,Para este Agente Inmobiliario no se han presentado quejas ni denuncias,
SDE/COL/REAI/074,DERDE REAL ESTATE GROUP,,,"BLVD. MIGUEL DE LA MADRID 22, COL. ABELARDO L. RODRÍGUEZ, MANZANILLO, COLIMA",MANZANILLO,SDE/COL/REAI/074-124 - DERDE LUIS EXPOSITO GUTIERREZ ,4/9/2025,5/9/2028,,Para este Agente Inmobiliario no se han presentado quejas ni denuncias,
SDE/COL/REAI/075,FORMANZZA BIENES RAICES,,,"REY LUIS XVI No. 421, COL. COLINAS DEL REY, VILLA DE ALVAREZ, COLIMA",VILLA DE ÁLVAREZ,SDE/COL/REAI/075-125 - ABEL AHUIMADA ZEPEDA,22/9/2025,22/9/2028,,Para este Agente Inmobiliario no se han presentado quejas ni denuncias,
SDE/COL/REAI-UA/001,ASOCIACIÓN MEXICANA DE PROFESIONALES INMOBILIARIOS DE COLIMA A.C.,,SERGIO ARNOLDO SHULTE DE LA MADRID,"AV. CONSTITUCIÓN No. 2171-9, FRACC. LOS OLIVOS",COLIMA,SDE/COL/REA-UA/001,29/09/2025,29/09/2028,,Constancia como Unidad Acreditadora,
SDE/COL/REAI-UA/002,RED INTEGRAL CI/ UNIVERSIDAD NACIONAL INMOBILIARIA DE MÉXICO,,JENNY EDITH GÓMEZ MUÑOZ,"AZCAPOTZALCO 504, COL. NEXTENGO, AZCAPOTZALCO, CDMX",CDMX,SDE/COL/REAI-UA/002,04/02/2026,04/02/2029,,Constancia como Unidad Acreditadora,https://admiweb.col.gob.mx/archivos_prensa/banco_img/file_698fa20b21055_UNIM.png
